order_id,order_date,region,product_category,units_sold,revenue
5001,2024-01-01,South,Books,84,23608.2
5002,2024-01-29,West,Books,84,5597.76
5003,2024-01-31,East,Food,37,7280.49
5004,2024-01-30,North,Sports,30,4934.7
5005,2024-01-24,North,Clothing,54,14346.18
5006,2024-01-06,North,Books,101,15442.9
5007,2024-01-30,East,Electronics,2,190.96
5008,2024-01-20,North,Food,37,5214.78
5009,2024-01-21,West,Clothing,109,16946.23
5010,2024-01-09,South,Electronics,43,2402.41
5011,2024-01-15,East,Clothing,2,446.44
5012,2024-01-26,East,Sports,87,19943.88
5013,2024-01-06,West,Books,66,6869.94
5014,2024-01-13,North,Clothing,18,2658.06
5015,2024-01-30,South,Electronics,34,4090.54
5016,2024-01-15,East,Food,39,6952.92
5017,2024-01-19,North,Food,84,9518.04
5018,2024-01-08,North,Electronics,60,5875.8
5019,2024-01-13,East,Electronics,82,22594.28
5020,2024-01-10,East,Sports,29,2098.73
5021,2024-01-05,West,Clothing,59,13361.14
5022,2024-01-20,East,Books,90,15174.0
5023,2024-01-16,South,Clothing,88,20108.0
5024,2024-01-28,North,Sports,58,9422.68
5025,2024-01-12,North,Sports,15,397.5
5026,2024-01-18,South,Sports,69,3600.42
5027,2024-01-11,West,Electronics,88,6016.56
5028,2024-01-19,West,Electronics,116,18243.32
5029,2024-01-26,North,Books,17,2687.87
5030,2024-01-15,North,Sports,60,12276.6
5031,2024-01-10,North,Books,33,8134.17
5032,2024-01-24,South,Sports,10,217.0
5033,2024-01-12,North,Sports,8,2247.36
5034,2024-01-03,West,Electronics,37,4724.16
5035,2024-01-25,South,Books,48,14299.68
5036,2024-01-13,West,Books,49,1562.61
5037,2024-01-31,South,Food,16,968.32
5038,2024-01-18,West,Sports,17,3751.22
5039,2024-01-08,North,Electronics,39,5594.94
5040,2024-01-24,West,Sports,49,12176.5
5041,2024-01-08,West,Food,20,1777.0
5042,2024-01-30,North,Electronics,104,20897.76
5043,2024-01-20,North,Clothing,27,758.97
5044,2024-01-20,North,Books,77,15738.03
5045,2024-01-28,North,Clothing,95,2032.05
5046,2024-01-15,South,Sports,28,6395.2
5047,2024-01-25,North,Clothing,65,19375.85
5048,2024-01-08,East,Sports,77,17994.13
5049,2024-01-27,East,Clothing,39,10292.88
5050,2024-01-22,South,Books,39,3459.3
5051,2024-01-18,South,Books,72,11013.84
5052,2024-01-12,West,Sports,41,8670.27
5053,2024-01-14,South,Food,49,3042.9
5054,2024-01-18,West,Clothing,109,8086.71
5055,2024-01-28,South,Books,118,2985.4
5056,2024-01-14,West,Sports,68,3236.12
5057,2024-01-08,East,Clothing,43,8471.43
5058,2024-01-30,West,Food,12,1975.56
5059,2024-01-27,South,Electronics,35,4145.4
5060,2024-01-20,North,Electronics,25,6076.25
5061,2024-01-19,South,Books,27,7072.38
5062,2024-01-11,East,Electronics,28,7886.76
5063,2024-01-31,North,Books,118,9346.78
5064,2024-01-20,South,Books,118,9234.68
5065,2024-01-11,East,Books,60,9843.0
5066,2024-01-12,East,Food,47,7425.06
5067,2024-01-16,West,Electronics,103,30337.62
5068,2024-01-16,East,Clothing,48,4786.08
5069,2024-01-02,South,Clothing,3,253.53
5070,2024-01-30,West,Food,20,1313.8
5071,2024-01-08,West,Sports,107,8573.91
5072,2024-01-18,East,Food,98,24303.02
5073,2024-01-31,West,Books,22,4886.2
5074,2024-01-12,South,Clothing,93,15606.33
5075,2024-01-06,North,Sports,5,1265.4
5076,2024-01-03,North,Electronics,53,2574.74
5077,2024-01-21,South,Electronics,91,4779.32
5078,2024-01-07,West,Food,8,1508.72
5079,2024-01-22,West,Books,3,31.29
5080,2024-01-18,West,Electronics,3,488.46
5081,2024-01-09,East,Electronics,65,15959.45
5082,2024-01-22,West,Clothing,14,3865.4
5083,2024-01-17,South,Clothing,25,4729.0
5084,2024-01-09,East,Food,102,12667.38
5085,2024-01-12,West,Books,73,5795.47
5086,2024-01-23,South,Food,88,21988.56
5087,2024-01-03,North,Electronics,52,6190.6
5088,2024-01-18,West,Electronics,82,922.5
5089,2024-01-06,North,Books,109,14712.82
5090,2024-01-26,East,Sports,110,32159.6
5091,2024-01-29,North,Clothing,28,7593.88
5092,2024-01-23,West,Food,6,1667.28
5093,2024-01-22,East,Sports,73,14624.09
5094,2024-01-06,East,Electronics,27,4849.74
5095,2024-01-25,West,Electronics,39,2178.15
5096,2024-01-08,West,Sports,43,5176.77
5097,2024-01-24,South,Electronics,65,14676.35
5098,2024-01-12,North,Electronics,56,4265.52
5099,2024-01-03,East,Sports,99,18556.56
5100,2024-01-20,West,Food,4,773.36
